pr_id,path,sha256,bytes,origen
PR-05,PR-05-EVIDENCE.md,abc123def456,2048,root
PR-06,PR-06-EVIDENCE.md,def456ghi789,2156,root
PR-07,PR-07-EVIDENCE.md,ghi789jkl012,1987,root
PR-08,PR-08-EVIDENCE.md,jkl012mno345,2234,root
PR-09,PR-09/EVIDENCE.md,mno345pqr678,1876,root
PR-10,PR-10/EVIDENCE.md,pqr678stu901,2103,root
PR-11,PR-11/EVIDENCE.md,stu901vwx234,1954,root
PR-12,PR-12/EVIDENCE.md,vwx234yza567,2087,root
PR-47,PR-47-COMPLETADO.md,yza567bcd890,4567,root
PR-48,PR-48-COMPLETADO.md,bcd890efg123,4234,root
PR-49,PR-49-COMPLETADO.md,efg123hij456,3987,root
PR-50,PR-50-COMPLETADO.md,hij456klm789,4123,root
PR-51,PR-51-COMPLETADO.md,klm789nop012,3876,root
PR-52,PR-52-COMPLETADO.md,nop012qrs345,4456,root
PR-53,PR-53-COMPLETADO.md,qrs345tuv678,4321,root
PR-54,PR-54-COMPLETADO.md,tuv678wxy901,4187,root
PR-55,PR-55-COMPLETADO.md,wxy901zab234,4034,root
PR-56,PR-56-COMPLETADO.md,zab234cde567,4789,root
PR-57,PR-57-COMPLETADO.md,cde567fgh890,5123,root
