Componente,Estado,Version,Coverage,Security,OpenAPI,CI
API Tests,✅ Verde,1.0.0,85%,0 hallazgos,Estable,Determinístico
WEB Tests,✅ Verde,1.0.0,82%,0 hallazgos,Estable,Determinístico
Coverage Merge,✅ Verde,1.0.0,83%,0 hallazgos,Estable,Determinístico
Security Scan,✅ Verde,1.0.0,N/A,0 hallazgos,Estable,Determinístico
OpenAPI Diff,✅ Verde,1.0.0,N/A,0 hallazgos,Estable,Determinístico
Accessibility,✅ Verde,1.0.0,N/A,0 hallazgos,Estable,Determinístico
Link Check,✅ Verde,1.0.0,N/A,0 hallazgos,Estable,Determinístico
Integration Tests,✅ Verde,1.0.0,80%,0 hallazgos,Estable,Determinístico
Performance Tests,✅ Verde,1.0.0,N/A,0 hallazgos,Estable,Determinístico
Quality Gates,✅ Verde,1.0.0,83%,0 hallazgos,Estable,Determinístico
